{
  "id": "4619265",
  "name": "caorunyi",
  "font_family": "iconfont",
  "css_prefix_text": "icon-",
  "description": "",
  "glyphs": [
    {
      "icon_id": "10633235",
      "name": "蓝色",
      "font_class": "lanse",
      "unicode": "e654",
      "unicode_decimal": 58964
    },
    {
      "icon_id": "10633242",
      "name": "黑色",
      "font_class": "heise",
      "unicode": "e655",
      "unicode_decimal": 58965
    },
    {
      "icon_id": "30242047",
      "name": "3_橙色",
      "font_class": "a-3_chengse",
      "unicode": "e68f",
      "unicode_decimal": 59023
    },
    {
      "icon_id": "1288671",
      "name": "灰色未选中",
      "font_class": "huiseweixuanzhong",
      "unicode": "e61c",
      "unicode_decimal": 58908
    },
    {
      "icon_id": "10633233",
      "name": "绿色",
      "font_class": "lvse",
      "unicode": "e653",
      "unicode_decimal": 58963
    },
    {
      "icon_id": "10633249",
      "name": "红色",
      "font_class": "hongse",
      "unicode": "e657",
      "unicode_decimal": 58967
    },
    {
      "icon_id": "1304965",
      "name": "Clear-1",
      "font_class": "15qingkong-1",
      "unicode": "e680",
      "unicode_decimal": 59008
    },
    {
      "icon_id": "11372665",
      "name": "复制",
      "font_class": "fuzhi",
      "unicode": "e8b0",
      "unicode_decimal": 59568
    },
    {
      "icon_id": "22660216",
      "name": "更多",
      "font_class": "gengduo1",
      "unicode": "e603",
      "unicode_decimal": 58883
    },
    {
      "icon_id": "28410746",
      "name": "英文",
      "font_class": "yingwen",
      "unicode": "e688",
      "unicode_decimal": 59016
    },
    {
      "icon_id": "28410776",
      "name": "中文",
      "font_class": "zhongwen",
      "unicode": "e68d",
      "unicode_decimal": 59021
    },
    {
      "icon_id": "21703620",
      "name": "用户",
      "font_class": "touxiang",
      "unicode": "e608",
      "unicode_decimal": 58888
    },
    {
      "icon_id": "19412290",
      "name": "更多",
      "font_class": "gengduo",
      "unicode": "e607",
      "unicode_decimal": 58887
    },
    {
      "icon_id": "28781034",
      "name": "全球",
      "font_class": "quanqiu",
      "unicode": "e887",
      "unicode_decimal": 59527
    },
    {
      "icon_id": "29265290",
      "name": "月亮",
      "font_class": "yueliang",
      "unicode": "e67b",
      "unicode_decimal": 59003
    },
    {
      "icon_id": "29265292",
      "name": "晴",
      "font_class": "qing",
      "unicode": "e67c",
      "unicode_decimal": 59004
    }
  ]
}
